id,firstname,lastname,email,profession,initial_invest,nb_buildings
100,Michaelina,Terrence,Michaelina.Terrence@yopmail.com,worker,12091.98,39
101,Lorne,Audly,Lorne.Audly@yopmail.com,police officer,93846.31,43
102,Arlina,Tound,Arlina.Tound@yopmail.com,developer,28086.84,7
103,Ninnetta,Ferino,Ninnetta.Ferino@yopmail.com,developer,30805.75,43
104,Bill,Pandolfi,Bill.Pandolfi@yopmail.com,worker,87147.06,9
105,Yetty,Pearse,Yetty.Pearse@yopmail.com,doctor,77248.31,29
106,Shandie,Si,Shandie.Si@yopmail.com,doctor,74969.16,25
107,Olwen,Darrell,Olwen.Darrell@yopmail.com,worker,34682.01,12
108,Andree,Leffen,Andree.Leffen@yopmail.com,firefighter,69102.82,18
109,Chrystel,Cutlerr,Chrystel.Cutlerr@yopmail.com,worker,35783.59,50
110,Maridel,Nickola,Maridel.Nickola@yopmail.com,developer,87826.32,15
111,Donetta,Baptlsta,Donetta.Baptlsta@yopmail.com,doctor,82831.57,12
112,Estell,Dyche,Estell.Dyche@yopmail.com,firefighter,95870.47,25
113,Nicoli,Sothena,Nicoli.Sothena@yopmail.com,worker,26831.86,41
114,Ginnie,Gale,Ginnie.Gale@yopmail.com,developer,74562.59,36
115,Penelopa,Swanhildas,Penelopa.Swanhildas@yopmail.com,police officer,99414.21,39
116,Katharina,Marsden,Katharina.Marsden@yopmail.com,firefighter,23567.36,15
117,Kimmy,Irmine,Kimmy.Irmine@yopmail.com,doctor,50234.86,11
118,Louella,Merriott,Louella.Merriott@yopmail.com,doctor,63549.58,22
119,Gilligan,Bouchard,Gilligan.Bouchard@yopmail.com,developer,37947.25,27
120,Evita,Sprage,Evita.Sprage@yopmail.com,doctor,66379.44,17
121,Liana,Fadiman,Liana.Fadiman@yopmail.com,doctor,18279.82,2
122,Sindee,Kravits,Sindee.Kravits@yopmail.com,developer,17890.31,35
123,Stevana,Rosalba,Stevana.Rosalba@yopmail.com,worker,23093.32,5
124,Marleah,LaRue,Marleah.LaRue@yopmail.com,police officer,83066.54,20
125,Collen,Harday,Collen.Harday@yopmail.com,firefighter,36149.51,15
126,Tomasina,Gherardo,Tomasina.Gherardo@yopmail.com,developer,90294.37,42
127,Lisette,Yusuk,Lisette.Yusuk@yopmail.com,doctor,58703.73,9
128,Letizia,Vivle,Letizia.Vivle@yopmail.com,firefighter,36300.33,37
129,Lorie,Dichy,Lorie.Dichy@yopmail.com,worker,101913.98,3
130,Brandise,Bollay,Brandise.Bollay@yopmail.com,firefighter,47936.74,46
131,Eadie,Rurik,Eadie.Rurik@yopmail.com,doctor,74669.72,45
132,Alameda,Leopold,Alameda.Leopold@yopmail.com,police officer,99975.29,38
133,Consuela,Morrill,Consuela.Morrill@yopmail.com,firefighter,99456.85,6
134,Adelle,Rosalba,Adelle.Rosalba@yopmail.com,worker,103083.24,11
135,Elvira,Adrienne,Elvira.Adrienne@yopmail.com,firefighter,21957.51,49
136,Lenna,Romelda,Lenna.Romelda@yopmail.com,firefighter,102518.96,3
137,Averyl,Dulciana,Averyl.Dulciana@yopmail.com,developer,25485.09,8
138,Anestassia,MacIntosh,Anestassia.MacIntosh@yopmail.com,firefighter,51881.9,12
139,Donetta,Zola,Donetta.Zola@yopmail.com,doctor,77012.14,22
140,Rosabelle,Weaks,Rosabelle.Weaks@yopmail.com,police officer,28615.13,15
141,Roberta,Minetta,Roberta.Minetta@yopmail.com,doctor,29609.48,33
142,Amara,Joseph,Amara.Joseph@yopmail.com,worker,45245.12,34
143,Kylynn,MacIntosh,Kylynn.MacIntosh@yopmail.com,doctor,12716.05,38
144,Desirae,Stefa,Desirae.Stefa@yopmail.com,worker,95255.93,6
145,Frieda,Taam,Frieda.Taam@yopmail.com,worker,89057.36,24
146,Joleen,Papageno,Joleen.Papageno@yopmail.com,doctor,40992.29,14
147,Anthia,Ledah,Anthia.Ledah@yopmail.com,firefighter,102282.61,4
148,Aurore,Sherrie,Aurore.Sherrie@yopmail.com,doctor,38140.97,37
149,Kaia,Germann,Kaia.Germann@yopmail.com,police officer,89704.85,45
150,Jillayne,Emanuel,Jillayne.Emanuel@yopmail.com,worker,79265.25,36
151,Kore,Kannry,Kore.Kannry@yopmail.com,doctor,12887.27,29
152,Kial,Brotherson,Kial.Brotherson@yopmail.com,police officer,100108.51,10
153,Heddie,Denis,Heddie.Denis@yopmail.com,doctor,71089.82,48
154,Melanie,Ramona,Melanie.Ramona@yopmail.com,worker,48434.02,25
155,Viviene,Terencio,Viviene.Terencio@yopmail.com,firefighter,89498.12,11
156,Agathe,Granoff,Agathe.Granoff@yopmail.com,police officer,88231.43,27
157,Madalyn,Himelman,Madalyn.Himelman@yopmail.com,worker,43870.54,32
158,Mary,Allina,Mary.Allina@yopmail.com,firefighter,27085.05,4
159,Robinia,Agle,Robinia.Agle@yopmail.com,developer,58232.5,11
160,Darlleen,Roscoe,Darlleen.Roscoe@yopmail.com,developer,34610.03,11
161,Dede,Dowski,Dede.Dowski@yopmail.com,developer,93248.3,20
162,Gavrielle,Tremayne,Gavrielle.Tremayne@yopmail.com,worker,13982.64,44
163,Alyda,Jalbert,Alyda.Jalbert@yopmail.com,police officer,26954.68,28
164,Melodie,Romelda,Melodie.Romelda@yopmail.com,worker,96177.79,50
165,Brynna,Havens,Brynna.Havens@yopmail.com,police officer,29559.79,14
166,Debee,Gemini,Debee.Gemini@yopmail.com,police officer,14711.38,8
167,Nanete,Norvol,Nanete.Norvol@yopmail.com,firefighter,46642.26,28
168,Millie,Adrienne,Millie.Adrienne@yopmail.com,firefighter,53199.48,27
169,Sallie,Cleo,Sallie.Cleo@yopmail.com,firefighter,35274.91,28
170,Micheline,Holtz,Micheline.Holtz@yopmail.com,firefighter,17788.89,2
171,Di,Abbot,Di.Abbot@yopmail.com,doctor,56738.03,31
172,Jinny,Wooster,Jinny.Wooster@yopmail.com,police officer,70358.72,25
173,Kirstin,Hermes,Kirstin.Hermes@yopmail.com,doctor,93521.63,7
174,Carlie,Fredi,Carlie.Fredi@yopmail.com,firefighter,71963.33,15
175,Esmeralda,Faro,Esmeralda.Faro@yopmail.com,doctor,11959.2,38
176,Aurore,Calhoun,Aurore.Calhoun@yopmail.com,worker,62427.92,9
177,Aili,Shelba,Aili.Shelba@yopmail.com,doctor,15161.25,47
178,Kayla,Lynn,Kayla.Lynn@yopmail.com,police officer,66418.31,36
179,Merry,Giff,Merry.Giff@yopmail.com,doctor,88558.42,9
180,Romona,Ioab,Romona.Ioab@yopmail.com,police officer,81573.4,49
181,Sherrie,Ciro,Sherrie.Ciro@yopmail.com,firefighter,52537.14,20
182,Monika,Rhu,Monika.Rhu@yopmail.com,doctor,27906.17,38
183,Allis,Anton,Allis.Anton@yopmail.com,developer,25164.11,39
184,Asia,Vilma,Asia.Vilma@yopmail.com,firefighter,20718.48,41
185,Tierney,Garek,Tierney.Garek@yopmail.com,firefighter,47869.57,43
186,Carmencita,Graig,Carmencita.Graig@yopmail.com,firefighter,67887.13,37
187,Meg,Byrne,Meg.Byrne@yopmail.com,firefighter,75837.63,44
188,Taffy,Erskine,Taffy.Erskine@yopmail.com,doctor,93542.89,28
189,Kara-Lynn,Harday,Kara-Lynn.Harday@yopmail.com,firefighter,87746.05,20
190,Cherilyn,Nerita,Cherilyn.Nerita@yopmail.com,doctor,30937.06,37
191,Collen,Teddman,Collen.Teddman@yopmail.com,police officer,19063.54,3
192,Susette,Delp,Susette.Delp@yopmail.com,developer,29342.67,39
193,Lisette,Rodmann,Lisette.Rodmann@yopmail.com,doctor,23272.96,41
194,Rosabelle,Emanuel,Rosabelle.Emanuel@yopmail.com,police officer,58971.54,38
195,Roberta,Kauppi,Roberta.Kauppi@yopmail.com,firefighter,88715.69,24
196,Andeee,Candy,Andeee.Candy@yopmail.com,police officer,68822.69,2
197,Monika,Gert,Monika.Gert@yopmail.com,worker,79695.67,17
198,Benita,Jethro,Benita.Jethro@yopmail.com,firefighter,60645.34,18
199,Brana,Durware,Brana.Durware@yopmail.com,police officer,47568.89,13
200,Tierney,Chem,Tierney.Chem@yopmail.com,doctor,97979.72,30
201,Nanete,Louanna,Nanete.Louanna@yopmail.com,developer,85258.03,35
202,Sheree,Dash,Sheree.Dash@yopmail.com,worker,57386.39,4
203,Therine,Ursulette,Therine.Ursulette@yopmail.com,police officer,69318.76,43
204,Tani,Janene,Tani.Janene@yopmail.com,worker,89928.24,47
205,Briney,Jacinda,Briney.Jacinda@yopmail.com,police officer,28751.92,26
206,Chastity,Willie,Chastity.Willie@yopmail.com,doctor,84730.87,26
207,Doralynne,Secrest,Doralynne.Secrest@yopmail.com,developer,91631.2,14
208,Robbi,Howlyn,Robbi.Howlyn@yopmail.com,developer,93393.88,45
209,Silvana,Clie,Silvana.Clie@yopmail.com,doctor,67310.99,2
210,Benita,Miru,Benita.Miru@yopmail.com,firefighter,92247.05,47
211,Devina,Lipson,Devina.Lipson@yopmail.com,developer,100316.01,48
212,Wynne,Ader,Wynne.Ader@yopmail.com,firefighter,54451.23,42
213,Bibby,Nisbet,Bibby.Nisbet@yopmail.com,police officer,22587.62,2
214,Letizia,Dermott,Letizia.Dermott@yopmail.com,firefighter,35621.33,2
215,Joeann,Gregrory,Joeann.Gregrory@yopmail.com,doctor,13875.22,36
216,Talya,Adamsen,Talya.Adamsen@yopmail.com,developer,86480.51,15
217,Katharina,Lay,Katharina.Lay@yopmail.com,firefighter,100206.62,41
218,Augustine,Dreda,Augustine.Dreda@yopmail.com,worker,92100.49,11
219,Constance,Quinn,Constance.Quinn@yopmail.com,worker,27652.03,27
220,Marylou,Klemperer,Marylou.Klemperer@yopmail.com,police officer,99855.59,27
221,Lolita,Vorster,Lolita.Vorster@yopmail.com,doctor,100202.31,11
222,Allyce,Ackerley,Allyce.Ackerley@yopmail.com,developer,37124.13,49
223,Blondelle,Byrne,Blondelle.Byrne@yopmail.com,firefighter,25124.02,50
224,Laure,Gaynor,Laure.Gaynor@yopmail.com,worker,51454.27,37
225,Daphne,Carey,Daphne.Carey@yopmail.com,worker,26729.07,2
226,Kara-Lynn,Judye,Kara-Lynn.Judye@yopmail.com,doctor,37681.81,20
227,Doralynne,Linskey,Doralynne.Linskey@yopmail.com,firefighter,73593.52,5
228,Chrystel,Margarete,Chrystel.Margarete@yopmail.com,doctor,44274.39,31
229,Elfreda,Mauer,Elfreda.Mauer@yopmail.com,worker,60239.94,2
230,Gilligan,Fancie,Gilligan.Fancie@yopmail.com,police officer,69270.77,31
231,Therine,Justinn,Therine.Justinn@yopmail.com,worker,10621.77,27
232,Kial,Luhe,Kial.Luhe@yopmail.com,police officer,34461.73,20
233,Kaia,Noam,Kaia.Noam@yopmail.com,firefighter,99299.37,35
234,Brynna,Gabrielli,Brynna.Gabrielli@yopmail.com,police officer,20247.09,2
235,Cyndie,Poppy,Cyndie.Poppy@yopmail.com,worker,97350.48,41
236,Gusella,Merell,Gusella.Merell@yopmail.com,police officer,42806.38,29
237,Evaleen,Selway,Evaleen.Selway@yopmail.com,firefighter,64634.26,13
238,Amara,Corrine,Amara.Corrine@yopmail.com,firefighter,46751.02,17
239,Janey,Norrie,Janey.Norrie@yopmail.com,worker,36666.44,40
240,Monika,Schlosser,Monika.Schlosser@yopmail.com,firefighter,28764.66,15
241,Odessa,Gower,Odessa.Gower@yopmail.com,developer,31643.98,49
242,Malina,Haymes,Malina.Haymes@yopmail.com,firefighter,103475.24,17
243,Lorie,Kiyoshi,Lorie.Kiyoshi@yopmail.com,worker,93105.88,4
244,Christian,Briney,Christian.Briney@yopmail.com,developer,80776.14,17
245,Rebeca,Raimondo,Rebeca.Raimondo@yopmail.com,firefighter,42010.38,49
246,Modestia,Dulciana,Modestia.Dulciana@yopmail.com,police officer,10989.02,36
247,Kenna,Armanda,Kenna.Armanda@yopmail.com,developer,24936.99,42
248,Kellen,Adlare,Kellen.Adlare@yopmail.com,developer,73639.31,24
249,Sheree,Trey,Sheree.Trey@yopmail.com,developer,77009.28,50
250,Caryl,Raimondo,Caryl.Raimondo@yopmail.com,developer,33332.5,49
251,Nita,Forrer,Nita.Forrer@yopmail.com,firefighter,19800.62,11
252,Korrie,Telfer,Korrie.Telfer@yopmail.com,police officer,101536.09,35
253,Ginnie,Hartnett,Ginnie.Hartnett@yopmail.com,police officer,87621.62,10
254,Oona,Suzetta,Oona.Suzetta@yopmail.com,police officer,87386.69,42
255,Letizia,Lumbard,Letizia.Lumbard@yopmail.com,doctor,37969.99,7
256,Oona,Hewitt,Oona.Hewitt@yopmail.com,developer,20735.43,41
257,Valeda,Clarissa,Valeda.Clarissa@yopmail.com,developer,91035.89,34
258,Maryellen,Alrich,Maryellen.Alrich@yopmail.com,worker,47047.22,22
259,Marylou,Lenny,Marylou.Lenny@yopmail.com,firefighter,57025.78,24
260,Helsa,Odysseus,Helsa.Odysseus@yopmail.com,firefighter,84064.45,9
261,Maridel,Cecile,Maridel.Cecile@yopmail.com,police officer,14334.3,14
262,Courtnay,Kazimir,Courtnay.Kazimir@yopmail.com,doctor,71598.63,2
263,Dawn,Gregrory,Dawn.Gregrory@yopmail.com,doctor,19480.55,27
264,Ulrike,Auberbach,Ulrike.Auberbach@yopmail.com,developer,102356.48,17
265,Lexine,Eckblad,Lexine.Eckblad@yopmail.com,police officer,43197.34,43
266,Petronia,Catie,Petronia.Catie@yopmail.com,developer,58456.33,3
267,Lanae,Norvol,Lanae.Norvol@yopmail.com,doctor,99802.93,11
268,Lexine,Gladstone,Lexine.Gladstone@yopmail.com,worker,32909.17,8
269,Valli,Ailyn,Valli.Ailyn@yopmail.com,developer,61671.01,49
270,Wileen,Schalles,Wileen.Schalles@yopmail.com,police officer,40634.57,11
271,Jere,Suk,Jere.Suk@yopmail.com,developer,84477.06,47
272,Marnia,Leffen,Marnia.Leffen@yopmail.com,worker,61085.37,21
273,Gui,Desai,Gui.Desai@yopmail.com,developer,11688.33,47
274,Beth,Brackely,Beth.Brackely@yopmail.com,doctor,13492.73,12
275,Etta,Colp,Etta.Colp@yopmail.com,firefighter,58817.71,48
276,Nonnah,Katrine,Nonnah.Katrine@yopmail.com,developer,30577.3,19
277,Corene,Mata,Corene.Mata@yopmail.com,doctor,25364.29,20
278,Ana,Dosia,Ana.Dosia@yopmail.com,police officer,84241.23,30
279,Kristina,Claudine,Kristina.Claudine@yopmail.com,firefighter,74972.53,13
280,Codie,Belanger,Codie.Belanger@yopmail.com,developer,23082.21,21
281,Stacey,Dorcy,Stacey.Dorcy@yopmail.com,police officer,75840.68,36
282,Harrietta,Chesna,Harrietta.Chesna@yopmail.com,firefighter,96052.05,35
283,Joeann,Sikorski,Joeann.Sikorski@yopmail.com,firefighter,26297.8,42
284,Netty,Kiyoshi,Netty.Kiyoshi@yopmail.com,firefighter,19024.78,38
285,Jessy,Tengdin,Jessy.Tengdin@yopmail.com,worker,88912.07,50
286,Jacquetta,Rodmann,Jacquetta.Rodmann@yopmail.com,doctor,64930.9,38
287,Cherrita,Greenwald,Cherrita.Greenwald@yopmail.com,doctor,47944.78,18
288,Sherrie,Jenness,Sherrie.Jenness@yopmail.com,police officer,46726.88,3
289,Hannis,Maryanne,Hannis.Maryanne@yopmail.com,developer,13151.13,43
290,Elena,Erskine,Elena.Erskine@yopmail.com,police officer,58865.7,3
291,Jemie,Manolo,Jemie.Manolo@yopmail.com,doctor,83075.29,13
292,Jobi,Dosia,Jobi.Dosia@yopmail.com,worker,70845.9,49
293,Deane,Chaing,Deane.Chaing@yopmail.com,doctor,35511.21,4
294,Genevra,Ardra,Genevra.Ardra@yopmail.com,worker,74263.7,34
295,Rayna,Boycey,Rayna.Boycey@yopmail.com,worker,81960.93,2
296,Anthia,Merat,Anthia.Merat@yopmail.com,police officer,22030.85,32
297,Cristine,Sholley,Cristine.Sholley@yopmail.com,developer,88395.22,46
298,Adelle,Behre,Adelle.Behre@yopmail.com,firefighter,64178.17,41
299,Charlena,Tybald,Charlena.Tybald@yopmail.com,doctor,52437.82,12
300,Sabina,Monk,Sabina.Monk@yopmail.com,doctor,102591.73,9
301,Darlleen,Callista,Darlleen.Callista@yopmail.com,doctor,15965.37,30
302,Jerry,Guthrie,Jerry.Guthrie@yopmail.com,firefighter,12824.86,36
303,Ezmeralda,Aprile,Ezmeralda.Aprile@yopmail.com,firefighter,96437.92,29
304,Dotty,Engdahl,Dotty.Engdahl@yopmail.com,developer,56169.45,45
305,Lanae,Raychel,Lanae.Raychel@yopmail.com,firefighter,25348.4,39
306,Rhoda,Rugen,Rhoda.Rugen@yopmail.com,doctor,43913.09,19
307,Sybille,Pozzy,Sybille.Pozzy@yopmail.com,police officer,66538.05,13
308,Celestyna,Couture,Celestyna.Couture@yopmail.com,worker,78606.64,37
309,Maye,Baylor,Maye.Baylor@yopmail.com,worker,44691.77,35
310,Farrah,Smitt,Farrah.Smitt@yopmail.com,police officer,11723.39,24
311,Lucille,Penelopa,Lucille.Penelopa@yopmail.com,doctor,89828.13,28
312,Ivett,Afton,Ivett.Afton@yopmail.com,doctor,96882.89,11
313,Gale,Oneida,Gale.Oneida@yopmail.com,police officer,53450.51,27
314,Benita,Barney,Benita.Barney@yopmail.com,police officer,52139.95,34
315,Fernande,Peti,Fernande.Peti@yopmail.com,police officer,87215.48,5
316,Clementine,Imelida,Clementine.Imelida@yopmail.com,police officer,52446.85,48
317,Xylina,MacIntosh,Xylina.MacIntosh@yopmail.com,firefighter,21910.77,42
318,Gloria,Seligman,Gloria.Seligman@yopmail.com,doctor,53719.07,7
319,Shauna,Naor,Shauna.Naor@yopmail.com,firefighter,26973.95,24
320,Joy,Reinke,Joy.Reinke@yopmail.com,worker,64993.73,37
321,Nickie,Stilwell,Nickie.Stilwell@yopmail.com,police officer,21552.17,46
322,Marita,Dash,Marita.Dash@yopmail.com,developer,36126.19,34
323,Millie,Rodmann,Millie.Rodmann@yopmail.com,developer,68300.32,7
324,Mignon,Buckler,Mignon.Buckler@yopmail.com,firefighter,18355.7,18
325,Alisha,Kiersten,Alisha.Kiersten@yopmail.com,developer,23545.32,37
326,Kaia,Sheng,Kaia.Sheng@yopmail.com,doctor,60924.05,49
327,Beth,Koziara,Beth.Koziara@yopmail.com,police officer,62836.85,9
328,Karlee,Odysseus,Karlee.Odysseus@yopmail.com,worker,77678.02,45
329,Janey,Buttaro,Janey.Buttaro@yopmail.com,developer,78283.43,33
330,Lily,Saunderson,Lily.Saunderson@yopmail.com,worker,40648.95,8
331,Hannis,Kunin,Hannis.Kunin@yopmail.com,police officer,91585.45,46
332,Annaliese,Chabot,Annaliese.Chabot@yopmail.com,developer,71706.33,31
333,Lisette,Creamer,Lisette.Creamer@yopmail.com,police officer,49322.98,10
334,Hollie,Madox,Hollie.Madox@yopmail.com,doctor,99183.74,29
335,Kathy,Carri,Kathy.Carri@yopmail.com,police officer,43873.77,50
336,Melodie,Keelia,Melodie.Keelia@yopmail.com,doctor,33751.39,18
337,Carmencita,Vorster,Carmencita.Vorster@yopmail.com,doctor,45051.71,22
338,Julieta,Artie,Julieta.Artie@yopmail.com,police officer,55217.78,4
339,Genovera,Leary,Genovera.Leary@yopmail.com,doctor,65235.54,50
340,Bill,Ranjiv,Bill.Ranjiv@yopmail.com,police officer,101771.18,10
341,Clarice,Seessel,Clarice.Seessel@yopmail.com,doctor,82804.2,15
342,Marnia,Nedrud,Marnia.Nedrud@yopmail.com,firefighter,74094.91,41
343,Tilly,Edison,Tilly.Edison@yopmail.com,doctor,63375.45,18
344,Alexine,Cecile,Alexine.Cecile@yopmail.com,police officer,82782.7,18
345,Fidelia,Saint,Fidelia.Saint@yopmail.com,police officer,71244,28
346,Rayna,Korey,Rayna.Korey@yopmail.com,police officer,38503.46,6
347,Rozele,Kress,Rozele.Kress@yopmail.com,worker,53879.16,27
348,Malina,Federica,Malina.Federica@yopmail.com,firefighter,45915.52,42
349,Lelah,Estella,Lelah.Estella@yopmail.com,worker,77568.39,40
350,Shauna,Rozanna,Shauna.Rozanna@yopmail.com,developer,64185.83,40
351,Micheline,Melan,Micheline.Melan@yopmail.com,worker,89958.1,14
352,Anthia,Salvidor,Anthia.Salvidor@yopmail.com,worker,52820.49,21
353,Marcy,Stanwood,Marcy.Stanwood@yopmail.com,police officer,65757.69,29
354,Patricia,Morehouse,Patricia.Morehouse@yopmail.com,developer,74262.17,5
355,Inga,Sancho,Inga.Sancho@yopmail.com,police officer,64245.6,49
356,Vevay,Clie,Vevay.Clie@yopmail.com,developer,24356.59,42
357,Carolina,Estella,Carolina.Estella@yopmail.com,firefighter,99166.41,24
358,Kittie,Yate,Kittie.Yate@yopmail.com,firefighter,12515.22,36
359,Liana,Odell,Liana.Odell@yopmail.com,police officer,91045.03,16
360,Gaylene,Hurley,Gaylene.Hurley@yopmail.com,police officer,71658.48,9
361,Max,Tayib,Max.Tayib@yopmail.com,doctor,58401.36,11
362,Gertrud,Ophelia,Gertrud.Ophelia@yopmail.com,worker,76698.47,44
363,Iseabal,Lane,Iseabal.Lane@yopmail.com,developer,69305.44,8
364,Collen,Lorenz,Collen.Lorenz@yopmail.com,police officer,41973.46,37
365,Antonietta,Maples,Antonietta.Maples@yopmail.com,firefighter,18215.12,20
366,Althea,Damarra,Althea.Damarra@yopmail.com,doctor,33217.34,22
367,Anica,Ethban,Anica.Ethban@yopmail.com,firefighter,81661.09,32
368,Dagmar,Kat,Dagmar.Kat@yopmail.com,doctor,38267.04,27
369,Sissy,Buffum,Sissy.Buffum@yopmail.com,developer,100988.54,28
370,Doralynne,Louanna,Doralynne.Louanna@yopmail.com,firefighter,25107.24,33
371,Ericka,Dowski,Ericka.Dowski@yopmail.com,developer,71097.48,37
372,Catrina,Koziara,Catrina.Koziara@yopmail.com,worker,20276.34,35
373,Tarra,Leonard,Tarra.Leonard@yopmail.com,police officer,41528.75,37
374,Jobi,Lemuela,Jobi.Lemuela@yopmail.com,doctor,81983.3,8
375,Oralee,Medrek,Oralee.Medrek@yopmail.com,doctor,93119.02,10
376,Christal,Berriman,Christal.Berriman@yopmail.com,police officer,37779.82,50
377,Jeanna,Bluh,Jeanna.Bluh@yopmail.com,doctor,56016.45,25
378,Talya,Darbie,Talya.Darbie@yopmail.com,firefighter,36241.8,41
379,Tina,Agle,Tina.Agle@yopmail.com,police officer,56224,32
380,Christal,Baptlsta,Christal.Baptlsta@yopmail.com,doctor,77314.42,45
381,Madelle,Aloise,Madelle.Aloise@yopmail.com,doctor,66711.95,22
382,Nananne,Koehler,Nananne.Koehler@yopmail.com,firefighter,91451.49,7
383,Tilly,Korey,Tilly.Korey@yopmail.com,developer,71781.72,4
384,Orsola,Moseley,Orsola.Moseley@yopmail.com,firefighter,89788.47,19
385,Vivia,Dash,Vivia.Dash@yopmail.com,worker,36799.31,11
386,Fanny,Klotz,Fanny.Klotz@yopmail.com,police officer,54681.59,33
387,Esmeralda,Tippets,Esmeralda.Tippets@yopmail.com,police officer,23901.65,3
388,Eugine,Monaco,Eugine.Monaco@yopmail.com,developer,42766.28,37
389,Suzette,Tiffa,Suzette.Tiffa@yopmail.com,worker,74311.23,8
390,Roslyn,Ledah,Roslyn.Ledah@yopmail.com,doctor,18610.29,6
391,Devina,Diogenes,Devina.Diogenes@yopmail.com,doctor,65468.42,11
392,Kirstin,Bonilla,Kirstin.Bonilla@yopmail.com,firefighter,57209.58,30
393,Natka,Gower,Natka.Gower@yopmail.com,firefighter,103101.4,39
394,Fina,Trey,Fina.Trey@yopmail.com,police officer,100164.61,32
395,Gerianna,Weinreb,Gerianna.Weinreb@yopmail.com,worker,42562.88,23
396,Hettie,Ulphia,Hettie.Ulphia@yopmail.com,worker,66207.21,5
397,Deane,Munn,Deane.Munn@yopmail.com,firefighter,98768.51,21
398,Fanchon,Merell,Fanchon.Merell@yopmail.com,worker,11573.07,50
399,Nariko,Miru,Nariko.Miru@yopmail.com,police officer,12080.77,45
400,Theodora,Parsaye,Theodora.Parsaye@yopmail.com,doctor,39225.28,31
401,Alia,Hortensia,Alia.Hortensia@yopmail.com,doctor,14579.58,38
402,Daune,Ambrosia,Daune.Ambrosia@yopmail.com,worker,53749.74,31
403,Maye,Melan,Maye.Melan@yopmail.com,police officer,87328,25
404,Jsandye,Vanni,Jsandye.Vanni@yopmail.com,police officer,99563.83,38
405,Georgina,Rugen,Georgina.Rugen@yopmail.com,developer,77188.97,22
406,Esmeralda,Diann,Esmeralda.Diann@yopmail.com,worker,44741.48,46
407,Deirdre,Truc,Deirdre.Truc@yopmail.com,police officer,85097.78,3
408,Gretal,Dermott,Gretal.Dermott@yopmail.com,police officer,99705.96,15
409,Bobinette,Vernier,Bobinette.Vernier@yopmail.com,firefighter,76451.25,22
410,Nerta,Ashely,Nerta.Ashely@yopmail.com,worker,58507.17,35
411,Tybie,Swigart,Tybie.Swigart@yopmail.com,firefighter,23227.21,42
412,Esmeralda,Dahlia,Esmeralda.Dahlia@yopmail.com,doctor,97826.15,9
413,Alyda,Tjon,Alyda.Tjon@yopmail.com,worker,102132.35,45
414,Adriana,Olnee,Adriana.Olnee@yopmail.com,developer,24109.19,24
415,Anestassia,Parette,Anestassia.Parette@yopmail.com,developer,37989.83,18
416,Dale,Gemini,Dale.Gemini@yopmail.com,worker,44780.29,2
417,Carly,Waite,Carly.Waite@yopmail.com,police officer,54513.77,48
418,Pierette,Barney,Pierette.Barney@yopmail.com,worker,67813.62,44
419,Jaime,Heidt,Jaime.Heidt@yopmail.com,worker,97052.22,7
420,Fayre,Reneta,Fayre.Reneta@yopmail.com,doctor,33342.35,45
421,Estell,Milson,Estell.Milson@yopmail.com,police officer,92484.67,24
422,Nananne,Klemperer,Nananne.Klemperer@yopmail.com,firefighter,84434.15,7
423,Miquela,Levey,Miquela.Levey@yopmail.com,worker,47525.18,28
424,Isa,Killigrew,Isa.Killigrew@yopmail.com,developer,71996.36,5
425,Corry,Lipson,Corry.Lipson@yopmail.com,doctor,46072.21,44
426,Elsie,Jaylene,Elsie.Jaylene@yopmail.com,doctor,89319.03,18
427,Vita,Telfer,Vita.Telfer@yopmail.com,police officer,14157.13,39
428,Meg,Curren,Meg.Curren@yopmail.com,firefighter,103138.74,26
429,Lucille,Llovera,Lucille.Llovera@yopmail.com,doctor,34375.3,18
430,Ricky,Israeli,Ricky.Israeli@yopmail.com,developer,53643.31,8
431,Willetta,Han,Willetta.Han@yopmail.com,police officer,38010.22,43
432,Gianina,Reidar,Gianina.Reidar@yopmail.com,doctor,103187.8,37
433,Alejandra,Wu,Alejandra.Wu@yopmail.com,doctor,103727.95,48
434,Fayre,Stoller,Fayre.Stoller@yopmail.com,worker,52269.03,41
435,Atlanta,Edee,Atlanta.Edee@yopmail.com,firefighter,46623.94,17
436,Riannon,Anton,Riannon.Anton@yopmail.com,doctor,28266.6,40
437,Tatiania,Hamil,Tatiania.Hamil@yopmail.com,doctor,72350.17,38
438,Paule,Pauly,Paule.Pauly@yopmail.com,developer,91008.15,15
439,Belva,Roxanna,Belva.Roxanna@yopmail.com,worker,56461.4,11
440,Kayla,Kannry,Kayla.Kannry@yopmail.com,worker,72569.31,47
441,Kelly,Montgomery,Kelly.Montgomery@yopmail.com,doctor,49002.87,36
442,Elsie,Brenn,Elsie.Brenn@yopmail.com,developer,93364.21,22
443,Sheelagh,Karylin,Sheelagh.Karylin@yopmail.com,doctor,96269.01,11
444,Maud,Seagraves,Maud.Seagraves@yopmail.com,firefighter,93735.77,6
445,Marti,Burnside,Marti.Burnside@yopmail.com,developer,33858.06,21
446,Emelina,Francene,Emelina.Francene@yopmail.com,worker,82650.35,46
447,Lulita,Herrera,Lulita.Herrera@yopmail.com,firefighter,93303.88,16
448,Fina,Lane,Fina.Lane@yopmail.com,developer,13923.5,32
449,Kassey,Woodberry,Kassey.Woodberry@yopmail.com,police officer,88698.99,36
450,Shaylyn,Wolfgram,Shaylyn.Wolfgram@yopmail.com,developer,41739.91,41
451,Maye,Genna,Maye.Genna@yopmail.com,worker,37866.17,29
452,Cristabel,Nadia,Cristabel.Nadia@yopmail.com,police officer,27011.52,23
453,Marcy,Nester,Marcy.Nester@yopmail.com,worker,75596.23,33
454,Tera,Chabot,Tera.Chabot@yopmail.com,developer,72112.59,28
455,Romona,Faro,Romona.Faro@yopmail.com,doctor,64518.62,22
456,Eve,Amethist,Eve.Amethist@yopmail.com,worker,51880.62,24
457,Tilly,Berl,Tilly.Berl@yopmail.com,doctor,33153.08,10
458,Merci,Blase,Merci.Blase@yopmail.com,worker,32935.95,3
459,Tracey,Breed,Tracey.Breed@yopmail.com,developer,19849.2,8
460,Cacilie,Elo,Cacilie.Elo@yopmail.com,police officer,82841.1,41
461,Talya,Etom,Talya.Etom@yopmail.com,developer,61918.09,11
462,Jan,Norrie,Jan.Norrie@yopmail.com,doctor,83752.22,3
463,Gavrielle,Laurianne,Gavrielle.Laurianne@yopmail.com,worker,94805.45,31
464,Linet,Revkah,Linet.Revkah@yopmail.com,police officer,27121.9,36
465,Siana,Poppy,Siana.Poppy@yopmail.com,firefighter,59769.31,34
466,Doro,Chaing,Doro.Chaing@yopmail.com,developer,98847.31,36
467,Heddie,Wu,Heddie.Wu@yopmail.com,doctor,63182.17,47
468,Gavrielle,Hazlett,Gavrielle.Hazlett@yopmail.com,developer,90093.89,38
469,Barbi,Holtz,Barbi.Holtz@yopmail.com,worker,77858.65,32
470,Lanna,Brady,Lanna.Brady@yopmail.com,developer,42370.52,21
471,Fredericka,Meli,Fredericka.Meli@yopmail.com,firefighter,41621.11,34
472,Gloria,Nerita,Gloria.Nerita@yopmail.com,doctor,76315.43,50
473,Wileen,Greyson,Wileen.Greyson@yopmail.com,developer,69576.04,39
474,Jasmina,Taam,Jasmina.Taam@yopmail.com,firefighter,100750.11,36
475,Kirstin,Weitman,Kirstin.Weitman@yopmail.com,firefighter,73967.65,48
476,Fayre,Seessel,Fayre.Seessel@yopmail.com,doctor,50669.38,13
477,Lyssa,Jaylene,Lyssa.Jaylene@yopmail.com,developer,58446.03,21
478,Heida,Cleavland,Heida.Cleavland@yopmail.com,developer,23659.01,15
479,Mariann,Allina,Mariann.Allina@yopmail.com,firefighter,19042.87,27
480,Sibella,Klemperer,Sibella.Klemperer@yopmail.com,worker,17528.45,10
481,Lesly,Khorma,Lesly.Khorma@yopmail.com,developer,76314.05,10
482,Dode,Seumas,Dode.Seumas@yopmail.com,doctor,65503.19,50
483,Wendi,Capello,Wendi.Capello@yopmail.com,doctor,97685.16,32
484,Averyl,Infield,Averyl.Infield@yopmail.com,developer,89675.42,38
485,Leanna,Yusuk,Leanna.Yusuk@yopmail.com,police officer,53890.64,5
486,Shaylyn,Carvey,Shaylyn.Carvey@yopmail.com,doctor,65999.24,4
487,Karena,Mehalek,Karena.Mehalek@yopmail.com,worker,22460.6,14
488,Elena,Rillings,Elena.Rillings@yopmail.com,firefighter,21006.89,25
489,Hyacinthe,Ailyn,Hyacinthe.Ailyn@yopmail.com,developer,97975.4,27
490,Kalina,Rebecka,Kalina.Rebecka@yopmail.com,developer,68861.12,18
491,Marcelline,Marsden,Marcelline.Marsden@yopmail.com,firefighter,44054.82,37
492,Sue,Joeann,Sue.Joeann@yopmail.com,police officer,59972.07,28
493,Benita,Ioab,Benita.Ioab@yopmail.com,developer,76947.16,7
494,Althea,Wolfgram,Althea.Wolfgram@yopmail.com,doctor,20727.36,40
495,Hannis,Sasnett,Hannis.Sasnett@yopmail.com,worker,85219.83,5
496,Genovera,Eben,Genovera.Eben@yopmail.com,police officer,64959.85,20
497,Meghann,Rebecka,Meghann.Rebecka@yopmail.com,doctor,24512.51,15
498,Ninnetta,Jacobah,Ninnetta.Jacobah@yopmail.com,developer,91662.1,33
499,Hermione,Stefa,Hermione.Stefa@yopmail.com,firefighter,80680.36,34
500,Jordan,Rona,Jordan.Rona@yopmail.com,developer,22548.98,13
501,Jany,Stanwood,Jany.Stanwood@yopmail.com,police officer,26440.59,13
502,Pearline,Ochs,Pearline.Ochs@yopmail.com,developer,48487.91,8
503,Jaclyn,Yate,Jaclyn.Yate@yopmail.com,developer,103351.35,28
504,Leeanne,Percy,Leeanne.Percy@yopmail.com,developer,65141.43,6
505,Christal,Ardra,Christal.Ardra@yopmail.com,police officer,79089.81,21
506,Olivette,Sasnett,Olivette.Sasnett@yopmail.com,worker,43348.71,43
507,Trixi,Yam,Trixi.Yam@yopmail.com,worker,55909.48,49
508,Shirlee,Cottle,Shirlee.Cottle@yopmail.com,developer,70821.57,22
509,Gusty,Jacobah,Gusty.Jacobah@yopmail.com,police officer,99314.99,22
510,Farrah,Janene,Farrah.Janene@yopmail.com,firefighter,89467.33,38
511,Gale,Carri,Gale.Carri@yopmail.com,firefighter,57619.62,17
512,Joane,Brenn,Joane.Brenn@yopmail.com,police officer,19503.39,49
513,Kittie,Tamsky,Kittie.Tamsky@yopmail.com,doctor,67888.7,11
514,Rozele,Jeanne,Rozele.Jeanne@yopmail.com,police officer,44081.16,26
515,Mireielle,Milde,Mireielle.Milde@yopmail.com,firefighter,44734.76,28
516,Aimil,Randene,Aimil.Randene@yopmail.com,doctor,49548.31,2
517,Lizzie,Cullin,Lizzie.Cullin@yopmail.com,developer,78630.42,49
518,Cindelyn,Erich,Cindelyn.Erich@yopmail.com,police officer,44216.95,5
519,Jemie,Hirsch,Jemie.Hirsch@yopmail.com,developer,55093.72,13
520,Vonny,Sasnett,Vonny.Sasnett@yopmail.com,developer,14030.59,40
521,Caressa,Christal,Caressa.Christal@yopmail.com,worker,33012.77,34
522,Leeanne,Earlie,Leeanne.Earlie@yopmail.com,police officer,41795.07,6
523,Catharine,Anis,Catharine.Anis@yopmail.com,firefighter,44338.51,15
524,Nikki,Wildermuth,Nikki.Wildermuth@yopmail.com,worker,73825.1,39
525,Monika,Saunderson,Monika.Saunderson@yopmail.com,developer,96351.1,11
526,Corry,Rugen,Corry.Rugen@yopmail.com,worker,93040.28,35
527,Eve,Morgun,Eve.Morgun@yopmail.com,worker,52606.21,15
528,Desirae,Thilda,Desirae.Thilda@yopmail.com,worker,73080.64,50
529,Eolanda,Natalia,Eolanda.Natalia@yopmail.com,police officer,46682.06,8
530,Noelle,Bari,Noelle.Bari@yopmail.com,developer,62489.82,18
531,Talya,Oscar,Talya.Oscar@yopmail.com,doctor,91212.6,11
532,Elyssa,Cornelia,Elyssa.Cornelia@yopmail.com,developer,42168.43,27
533,Liana,Dudley,Liana.Dudley@yopmail.com,police officer,97617.37,13
534,Kamilah,Rodmann,Kamilah.Rodmann@yopmail.com,worker,43828.11,43
535,Atlanta,Eckblad,Atlanta.Eckblad@yopmail.com,doctor,71182.14,48
536,Gianina,Gregrory,Gianina.Gregrory@yopmail.com,developer,34099.56,42
537,Mignon,Herrera,Mignon.Herrera@yopmail.com,developer,31056.06,40
538,Winny,Dituri,Winny.Dituri@yopmail.com,worker,94214.42,3
539,Leanna,Gino,Leanna.Gino@yopmail.com,worker,64492.11,33
540,Zia,Oster,Zia.Oster@yopmail.com,developer,67690.64,47
541,Judy,Amasa,Judy.Amasa@yopmail.com,police officer,99309.77,13
542,Kellen,Brotherson,Kellen.Brotherson@yopmail.com,police officer,82658,24
543,Raf,Ovid,Raf.Ovid@yopmail.com,police officer,67191.19,39
544,Dorthy,Leary,Dorthy.Leary@yopmail.com,worker,96144.76,13
545,Harrietta,Hunfredo,Harrietta.Hunfredo@yopmail.com,doctor,94903.53,13
546,Therine,Hartnett,Therine.Hartnett@yopmail.com,developer,49238.96,42
547,Florie,Tayib,Florie.Tayib@yopmail.com,doctor,71986.42,24
548,Mureil,Decato,Mureil.Decato@yopmail.com,developer,25989.74,40
549,Lynnea,Thilda,Lynnea.Thilda@yopmail.com,police officer,86953.87,43
550,Pearline,Fleeta,Pearline.Fleeta@yopmail.com,worker,19602.76,9
551,Dode,Colp,Dode.Colp@yopmail.com,police officer,61841.02,24
552,Bobinette,Ashok,Bobinette.Ashok@yopmail.com,doctor,62700.23,25
553,Dode,Nester,Dode.Nester@yopmail.com,firefighter,13146.56,32
554,Georgetta,Ariella,Georgetta.Ariella@yopmail.com,worker,19551.37,18
555,Ernesta,Magdalen,Ernesta.Magdalen@yopmail.com,worker,34019.86,44
556,Joy,Brady,Joy.Brady@yopmail.com,firefighter,47234.27,30
557,Tracey,Bluh,Tracey.Bluh@yopmail.com,doctor,91734.14,26
558,Regina,Avi,Regina.Avi@yopmail.com,worker,35051.46,38
559,Renae,Stefa,Renae.Stefa@yopmail.com,police officer,47338.94,44
560,Theodora,Jenness,Theodora.Jenness@yopmail.com,doctor,63435.75,13
561,Dyann,Lymann,Dyann.Lymann@yopmail.com,doctor,74036.21,38
562,Kenna,Mich,Kenna.Mich@yopmail.com,developer,14378.12,34
563,Renae,Belldas,Renae.Belldas@yopmail.com,firefighter,90643.35,28
564,Rosabelle,Joli,Rosabelle.Joli@yopmail.com,doctor,35051.73,30
565,Phylis,Knowling,Phylis.Knowling@yopmail.com,developer,36982.63,12
566,Frank,Kathie,Frank.Kathie@yopmail.com,doctor,77031.11,37
567,Louella,Roscoe,Louella.Roscoe@yopmail.com,developer,101705.23,28
568,Bettine,Stephie,Bettine.Stephie@yopmail.com,firefighter,34570.68,6
569,Valli,Talia,Valli.Talia@yopmail.com,firefighter,48394.47,18
570,Marinna,Connelly,Marinna.Connelly@yopmail.com,developer,42264.52,29
571,Frank,Giff,Frank.Giff@yopmail.com,developer,95549.53,40
572,Addia,Gale,Addia.Gale@yopmail.com,worker,20936.17,41
573,Mignon,Carey,Mignon.Carey@yopmail.com,developer,52391.95,4
574,Ashlee,Luhe,Ashlee.Luhe@yopmail.com,police officer,29499.79,25
575,Michaelina,Cohdwell,Michaelina.Cohdwell@yopmail.com,doctor,78671.75,18
576,Sybille,Maribeth,Sybille.Maribeth@yopmail.com,doctor,95452.19,10
577,Karina,Dowski,Karina.Dowski@yopmail.com,developer,60368.6,2
578,Joane,Dyche,Joane.Dyche@yopmail.com,firefighter,59273.16,34
579,Annice,Kamaria,Annice.Kamaria@yopmail.com,firefighter,47347.52,21
580,Gui,Carri,Gui.Carri@yopmail.com,developer,30471.55,16
581,Maisey,Ummersen,Maisey.Ummersen@yopmail.com,doctor,19223.14,26
582,Marguerite,Wilkinson,Marguerite.Wilkinson@yopmail.com,developer,99866.65,22
583,Rani,Vary,Rani.Vary@yopmail.com,police officer,24805.32,14
584,Fred,Edvard,Fred.Edvard@yopmail.com,doctor,94402.41,45
585,Dulce,Jammal,Dulce.Jammal@yopmail.com,doctor,55205.06,19
586,Maye,Lucienne,Maye.Lucienne@yopmail.com,doctor,56380.65,26
587,Teriann,Gaspard,Teriann.Gaspard@yopmail.com,firefighter,60019.96,16
588,Latisha,Tamsky,Latisha.Tamsky@yopmail.com,firefighter,36611.58,24
589,Nataline,Leifeste,Nataline.Leifeste@yopmail.com,firefighter,37946.85,42
590,Alyda,Love,Alyda.Love@yopmail.com,firefighter,87660.26,50
591,Kristina,Alwin,Kristina.Alwin@yopmail.com,developer,47750.37,29
592,Merle,Natica,Merle.Natica@yopmail.com,doctor,38654.23,43
593,Arlina,Demitria,Arlina.Demitria@yopmail.com,worker,35906.69,34
594,Almeta,Brady,Almeta.Brady@yopmail.com,firefighter,45100.96,10
595,Elmira,Stelle,Elmira.Stelle@yopmail.com,police officer,33444.03,24
596,Aurelie,Ambrosia,Aurelie.Ambrosia@yopmail.com,developer,57955.17,22
597,Georgetta,Craggie,Georgetta.Craggie@yopmail.com,worker,31989.79,32
598,Raf,Tremayne,Raf.Tremayne@yopmail.com,doctor,26024,41
599,Tybie,Ball,Tybie.Ball@yopmail.com,worker,16801.05,22
600,Lindie,Weide,Lindie.Weide@yopmail.com,worker,32261.93,21
601,Flo,Berl,Flo.Berl@yopmail.com,developer,33737.55,41
602,Bee,Corilla,Bee.Corilla@yopmail.com,worker,42507.75,41
603,Brietta,Podvin,Brietta.Podvin@yopmail.com,police officer,74792.76,7
604,Phedra,Berl,Phedra.Berl@yopmail.com,police officer,24240.97,19
605,Deedee,Lasley,Deedee.Lasley@yopmail.com,firefighter,27501.47,50
606,Albertina,Marcellus,Albertina.Marcellus@yopmail.com,police officer,68080.73,15
607,Jordan,Goode,Jordan.Goode@yopmail.com,developer,21488.7,42
608,Tamqrah,Berl,Tamqrah.Berl@yopmail.com,developer,103671.67,9
609,Belva,Quinn,Belva.Quinn@yopmail.com,developer,42681.62,14
610,Rochette,Tillford,Rochette.Tillford@yopmail.com,doctor,15343.55,38
611,Edyth,Virgin,Edyth.Virgin@yopmail.com,worker,27981.57,20
612,Charissa,Ehrman,Charissa.Ehrman@yopmail.com,developer,55765.9,23
613,Fanny,Deny,Fanny.Deny@yopmail.com,doctor,45826.33,29
614,Linet,Astra,Linet.Astra@yopmail.com,doctor,29191.53,32
615,Elise,Teryn,Elise.Teryn@yopmail.com,doctor,34670.93,20
616,Jsandye,Narton,Jsandye.Narton@yopmail.com,doctor,15820.56,12
617,Krystle,Wooster,Krystle.Wooster@yopmail.com,police officer,40967.93,12
618,Maud,Izaak,Maud.Izaak@yopmail.com,firefighter,17712.27,47
619,Selma,Hanleigh,Selma.Hanleigh@yopmail.com,doctor,17455.83,42
620,Caryl,Kristi,Caryl.Kristi@yopmail.com,police officer,68840.14,8
621,Valera,Parsaye,Valera.Parsaye@yopmail.com,doctor,15864.47,11
622,Tiffie,Stefa,Tiffie.Stefa@yopmail.com,firefighter,33910.68,15
623,Jasmina,Casimir,Jasmina.Casimir@yopmail.com,police officer,79302.63,8
624,Sean,Socha,Sean.Socha@yopmail.com,worker,14576.72,9
625,Debee,Adamsen,Debee.Adamsen@yopmail.com,developer,87421.21,12
626,Eolanda,Dreda,Eolanda.Dreda@yopmail.com,developer,20859.12,5
627,Allis,Marisa,Allis.Marisa@yopmail.com,developer,76586.87,4
628,Lorenza,Martsen,Lorenza.Martsen@yopmail.com,police officer,19576.24,36
629,Ulrike,Vernier,Ulrike.Vernier@yopmail.com,doctor,96205.14,34
630,Ann-Marie,Glovsky,Ann-Marie.Glovsky@yopmail.com,developer,82730.51,13
631,Diena,Agle,Diena.Agle@yopmail.com,police officer,21228.42,50
632,Shandie,Bergman,Shandie.Bergman@yopmail.com,developer,72507.28,26
633,Abbie,Maribeth,Abbie.Maribeth@yopmail.com,developer,63236.83,12
634,Phedra,Delp,Phedra.Delp@yopmail.com,police officer,11324.62,48
635,Shannah,Junie,Shannah.Junie@yopmail.com,worker,72098.61,44
636,Heddie,Bibi,Heddie.Bibi@yopmail.com,doctor,86581.79,39
637,Malina,Sophronia,Malina.Sophronia@yopmail.com,developer,51659.74,3
638,Angela,Braun,Angela.Braun@yopmail.com,police officer,35472.8,50
639,Rosene,Ethban,Rosene.Ethban@yopmail.com,police officer,41085.61,50
640,Liana,Louanna,Liana.Louanna@yopmail.com,developer,16426.58,2
641,Trixi,Rozanna,Trixi.Rozanna@yopmail.com,worker,13357.46,33
642,Tybie,Wilona,Tybie.Wilona@yopmail.com,firefighter,57203.73,18
643,Kirstin,Kalinda,Kirstin.Kalinda@yopmail.com,doctor,74567.21,6
644,Melodie,Damarra,Melodie.Damarra@yopmail.com,doctor,97292.4,33
645,Reeba,Bryna,Reeba.Bryna@yopmail.com,firefighter,90937.56,39
646,Dania,Letsou,Dania.Letsou@yopmail.com,worker,32962.09,25
647,Bee,Kalinda,Bee.Kalinda@yopmail.com,doctor,100581.56,36
648,Averyl,Adamsen,Averyl.Adamsen@yopmail.com,worker,61240.44,21
649,Cordi,Merriott,Cordi.Merriott@yopmail.com,firefighter,11801.49,11
650,Fred,Klemperer,Fred.Klemperer@yopmail.com,police officer,34939.89,4
651,Bobbi,Mich,Bobbi.Mich@yopmail.com,developer,50275.48,19
652,Aryn,Jobi,Aryn.Jobi@yopmail.com,police officer,15721.5,48
653,Averyl,Zola,Averyl.Zola@yopmail.com,police officer,81034.26,40
654,Alex,Fulmer,Alex.Fulmer@yopmail.com,firefighter,86046.04,46
655,Joane,Septima,Joane.Septima@yopmail.com,police officer,61488.19,37
656,Hannis,Rossner,Hannis.Rossner@yopmail.com,worker,40705.96,14
657,Pamella,Brian,Pamella.Brian@yopmail.com,police officer,20163.57,30
658,Lenna,Podvin,Lenna.Podvin@yopmail.com,police officer,44533.14,15
659,Pearline,Nickola,Pearline.Nickola@yopmail.com,developer,27523.89,37
660,Konstance,Bigner,Konstance.Bigner@yopmail.com,doctor,31426.96,14
661,Cristine,Lorain,Cristine.Lorain@yopmail.com,worker,26844.28,13
662,Raf,Donoghue,Raf.Donoghue@yopmail.com,police officer,12883.42,20
663,Dulce,Destinee,Dulce.Destinee@yopmail.com,firefighter,80776.41,19
664,Vinita,Cynar,Vinita.Cynar@yopmail.com,police officer,44394.19,36
665,Ana,Granoff,Ana.Granoff@yopmail.com,police officer,74720.54,43
666,Melisent,Clie,Melisent.Clie@yopmail.com,police officer,26909.68,15
667,Lynnea,Erb,Lynnea.Erb@yopmail.com,police officer,91473.8,26
668,Kayla,Sibyls,Kayla.Sibyls@yopmail.com,worker,32023.09,43
669,Lorenza,Karl,Lorenza.Karl@yopmail.com,developer,49063.39,24
670,Lilith,Talia,Lilith.Talia@yopmail.com,doctor,18163.39,21
671,Genevra,Bohlin,Genevra.Bohlin@yopmail.com,doctor,25024.27,10
672,Rosanne,Rosalba,Rosanne.Rosalba@yopmail.com,firefighter,84794.91,13
673,Jillayne,Katrine,Jillayne.Katrine@yopmail.com,worker,75071.12,20
674,Orsola,Raul,Orsola.Raul@yopmail.com,worker,56669.64,50
675,Cecile,Muriel,Cecile.Muriel@yopmail.com,worker,36383.64,49
676,Janey,Weinreb,Janey.Weinreb@yopmail.com,developer,56075.88,43
677,Ariela,Lissi,Ariela.Lissi@yopmail.com,doctor,88417.29,30
678,Sarette,Alva,Sarette.Alva@yopmail.com,police officer,42863.63,17
679,Wilma,Creamer,Wilma.Creamer@yopmail.com,police officer,88979.31,38
680,Penelopa,Raffo,Penelopa.Raffo@yopmail.com,police officer,78493.43,13
681,Cristine,Celestine,Cristine.Celestine@yopmail.com,doctor,82032.59,36
682,Alia,Cassius,Alia.Cassius@yopmail.com,firefighter,89610.72,47
683,Blondelle,Kussell,Blondelle.Kussell@yopmail.com,doctor,35342.29,10
684,Jsandye,Jerald,Jsandye.Jerald@yopmail.com,doctor,46647.61,10
685,Nariko,Erminia,Nariko.Erminia@yopmail.com,doctor,82567.12,11
686,Janis,Duwalt,Janis.Duwalt@yopmail.com,developer,74437.95,15
687,Correy,Skurnik,Correy.Skurnik@yopmail.com,worker,35350.86,8
688,Mary,Elo,Mary.Elo@yopmail.com,firefighter,51489.18,12
689,Stevana,Fiester,Stevana.Fiester@yopmail.com,police officer,26008.67,49
690,Alyssa,Boehike,Alyssa.Boehike@yopmail.com,firefighter,53215.95,7
691,Phylis,Virgin,Phylis.Virgin@yopmail.com,police officer,67284.64,22
692,Phylis,Diogenes,Phylis.Diogenes@yopmail.com,firefighter,30231.04,39
693,Penelopa,Means,Penelopa.Means@yopmail.com,police officer,85854.5,16
694,Elbertina,Gillan,Elbertina.Gillan@yopmail.com,police officer,64900.14,33
695,June,Zachary,June.Zachary@yopmail.com,worker,20407.01,8
696,Phylis,Gemini,Phylis.Gemini@yopmail.com,doctor,82175.54,37
697,Deloria,Selway,Deloria.Selway@yopmail.com,doctor,46797.13,44
698,Clarice,Silvan,Clarice.Silvan@yopmail.com,firefighter,42257.23,7
699,Ekaterina,Hylan,Ekaterina.Hylan@yopmail.com,worker,32382.84,40
700,Silvana,Clie,Silvana.Clie@yopmail.com,worker,38665.63,5
701,Linzy,Yate,Linzy.Yate@yopmail.com,doctor,61070.46,36
702,Demetris,Diogenes,Demetris.Diogenes@yopmail.com,firefighter,45566.84,23
703,Mallory,Korey,Mallory.Korey@yopmail.com,police officer,21432.22,35
704,Tobe,Tamsky,Tobe.Tamsky@yopmail.com,doctor,23156.6,48
705,Kylynn,Ellerey,Kylynn.Ellerey@yopmail.com,firefighter,43026.09,44
706,Julieta,Frodi,Julieta.Frodi@yopmail.com,doctor,69499.66,47
707,Kayla,Emmy,Kayla.Emmy@yopmail.com,doctor,56041.28,2
708,Wendi,Cottle,Wendi.Cottle@yopmail.com,police officer,61386.6,44
709,Christal,Halla,Christal.Halla@yopmail.com,worker,14825.12,49
710,Julieta,Pettiford,Julieta.Pettiford@yopmail.com,developer,87776.7,34
711,Teriann,Sinegold,Teriann.Sinegold@yopmail.com,police officer,82604.65,42
712,Violet,Kimmie,Violet.Kimmie@yopmail.com,firefighter,50375.93,32
713,Linzy,Rocray,Linzy.Rocray@yopmail.com,worker,94353.78,31
714,Edee,McLaughlin,Edee.McLaughlin@yopmail.com,worker,34786.86,3
715,Petronia,Roscoe,Petronia.Roscoe@yopmail.com,police officer,23158.85,36
716,Maridel,Terencio,Maridel.Terencio@yopmail.com,doctor,76126.84,42
717,Caressa,Cutlerr,Caressa.Cutlerr@yopmail.com,police officer,53514.72,45
718,Codie,Jacobah,Codie.Jacobah@yopmail.com,worker,49672.41,30
719,Morganica,Bevin,Morganica.Bevin@yopmail.com,doctor,84213.12,29
720,Marinna,Gert,Marinna.Gert@yopmail.com,worker,75449.66,7
721,Ethel,Munn,Ethel.Munn@yopmail.com,firefighter,27911.43,22
722,Lyssa,Arathorn,Lyssa.Arathorn@yopmail.com,firefighter,92762.6,6
723,Verla,Faso,Verla.Faso@yopmail.com,firefighter,28904.04,49
724,Louella,Bahr,Louella.Bahr@yopmail.com,developer,96471.16,4
725,Oralee,Honoria,Oralee.Honoria@yopmail.com,worker,70782.73,45
726,Babita,Rosemary,Babita.Rosemary@yopmail.com,worker,47944.2,17
727,Edyth,Heisel,Edyth.Heisel@yopmail.com,worker,97682.72,21
728,Jaclyn,Wyn,Jaclyn.Wyn@yopmail.com,developer,67809.05,13
729,Marjie,Camden,Marjie.Camden@yopmail.com,developer,65242.84,48
730,Corene,Wesle,Corene.Wesle@yopmail.com,firefighter,61394.29,40
731,Katuscha,Rebecka,Katuscha.Rebecka@yopmail.com,doctor,60843.13,39
732,Jennica,Rebecka,Jennica.Rebecka@yopmail.com,firefighter,68691.67,10
733,Ninnetta,Hebner,Ninnetta.Hebner@yopmail.com,doctor,88571.34,13
734,Nita,Ietta,Nita.Ietta@yopmail.com,doctor,59736.38,10
735,Mahalia,Swanhildas,Mahalia.Swanhildas@yopmail.com,police officer,53914.88,10
736,Tracey,Scammon,Tracey.Scammon@yopmail.com,doctor,89301.71,13
737,Livvyy,Weitman,Livvyy.Weitman@yopmail.com,police officer,70687.25,10
738,Gilligan,Vary,Gilligan.Vary@yopmail.com,doctor,102482.01,34
739,Elka,Ulphia,Elka.Ulphia@yopmail.com,doctor,100077.7,48
740,Celene,Khorma,Celene.Khorma@yopmail.com,firefighter,18371.04,27
741,Lenna,Dorine,Lenna.Dorine@yopmail.com,firefighter,49295.62,13
742,Mariele,Ahab,Mariele.Ahab@yopmail.com,developer,64702.7,6
743,Lucy,Brotherson,Lucy.Brotherson@yopmail.com,firefighter,89863.19,3
744,Donnie,Imelida,Donnie.Imelida@yopmail.com,doctor,101458.83,26
745,Nananne,Tannie,Nananne.Tannie@yopmail.com,police officer,86711.05,44
746,Evaleen,Decato,Evaleen.Decato@yopmail.com,developer,63896.4,23
747,Doralynne,Ephrem,Doralynne.Ephrem@yopmail.com,firefighter,91121.14,40
748,Kimberley,Nadia,Kimberley.Nadia@yopmail.com,firefighter,47967.69,19
749,Merry,Ovid,Merry.Ovid@yopmail.com,firefighter,39733.8,7
750,Agnese,Isacco,Agnese.Isacco@yopmail.com,developer,50779.36,7
751,Darci,Kiyoshi,Darci.Kiyoshi@yopmail.com,firefighter,32575.59,11
752,Alyssa,Dulciana,Alyssa.Dulciana@yopmail.com,doctor,23235.09,48
753,Beverley,Kat,Beverley.Kat@yopmail.com,police officer,96403.83,47
754,Constance,Zina,Constance.Zina@yopmail.com,firefighter,27897.17,44
755,Celene,Emerson,Celene.Emerson@yopmail.com,firefighter,97492.22,14
756,Kayla,Astra,Kayla.Astra@yopmail.com,firefighter,102295.34,27
757,Rori,Alfons,Rori.Alfons@yopmail.com,police officer,80627.88,42
758,Dagmar,Garlinda,Dagmar.Garlinda@yopmail.com,developer,83475.22,34
759,Talya,Natica,Talya.Natica@yopmail.com,worker,19985.7,8
760,Christal,Jillane,Christal.Jillane@yopmail.com,developer,35335.32,5
761,Cissiee,Elbertina,Cissiee.Elbertina@yopmail.com,worker,61717.35,44
762,Ricky,Stacy,Ricky.Stacy@yopmail.com,developer,74910.98,12
763,Evaleen,Madelene,Evaleen.Madelene@yopmail.com,doctor,54416.99,19
764,Jsandye,Federica,Jsandye.Federica@yopmail.com,worker,36470.21,10
765,Kathy,Charmine,Kathy.Charmine@yopmail.com,developer,68580.51,4
766,Agnese,Goth,Agnese.Goth@yopmail.com,developer,70127.99,48
767,Olwen,Neva,Olwen.Neva@yopmail.com,doctor,90435.29,2
768,Benita,Gamaliel,Benita.Gamaliel@yopmail.com,worker,14076.54,45
769,Bill,Yate,Bill.Yate@yopmail.com,worker,92712.96,24
770,Aurore,Dorothy,Aurore.Dorothy@yopmail.com,worker,66303.89,47
771,Clarice,Niccolo,Clarice.Niccolo@yopmail.com,police officer,63196.9,6
772,Meghann,Loeb,Meghann.Loeb@yopmail.com,firefighter,64016.26,38
773,Gretal,Mata,Gretal.Mata@yopmail.com,doctor,19314.81,27
774,Tami,Quinn,Tami.Quinn@yopmail.com,police officer,66059.98,12
775,Gui,O'Neill,Gui.O'Neill@yopmail.com,doctor,29114.04,34
776,Wendi,Martsen,Wendi.Martsen@yopmail.com,developer,76221.17,29
777,Annaliese,Sherrie,Annaliese.Sherrie@yopmail.com,developer,60258.59,11
778,Caryl,Kermit,Caryl.Kermit@yopmail.com,doctor,56651.48,8
779,Sheelagh,Terencio,Sheelagh.Terencio@yopmail.com,worker,24172.42,3
780,Alyda,Cosenza,Alyda.Cosenza@yopmail.com,firefighter,48037.31,36
781,Daune,Urania,Daune.Urania@yopmail.com,police officer,25570.67,41
782,Lyssa,Ivens,Lyssa.Ivens@yopmail.com,firefighter,50209.99,25
783,Hayley,Pyle,Hayley.Pyle@yopmail.com,doctor,95034.9,23
784,Lolita,Elisha,Lolita.Elisha@yopmail.com,worker,71846.6,23
785,Di,Felizio,Di.Felizio@yopmail.com,doctor,53785.61,48
786,Augustine,Pond,Augustine.Pond@yopmail.com,worker,19764.7,41
787,Brietta,Podvin,Brietta.Podvin@yopmail.com,doctor,18663.61,39
788,Alejandra,Tatianas,Alejandra.Tatianas@yopmail.com,worker,31503.98,20
789,Shel,Hewitt,Shel.Hewitt@yopmail.com,firefighter,85048.53,46
790,Carree,Munn,Carree.Munn@yopmail.com,doctor,79821.79,4
791,Alia,Lail,Alia.Lail@yopmail.com,firefighter,83602.21,34
792,Sissy,Yoko,Sissy.Yoko@yopmail.com,firefighter,29543.7,33
793,Evita,Shaddock,Evita.Shaddock@yopmail.com,police officer,88464.36,50
794,Antonietta,Nore,Antonietta.Nore@yopmail.com,police officer,57088.64,48
795,Lisette,Mata,Lisette.Mata@yopmail.com,doctor,54306.09,26
796,Basia,Clarissa,Basia.Clarissa@yopmail.com,developer,21575.32,38
797,Marjie,Lail,Marjie.Lail@yopmail.com,doctor,13190.03,26
798,Emelina,Blake,Emelina.Blake@yopmail.com,developer,17460.59,8
799,Sheree,Penelopa,Sheree.Penelopa@yopmail.com,developer,82312.82,23
800,Nita,Kimmie,Nita.Kimmie@yopmail.com,doctor,26006.23,14
801,Dyann,Papageno,Dyann.Papageno@yopmail.com,firefighter,34395.78,16
802,Alejandra,Kendrick,Alejandra.Kendrick@yopmail.com,police officer,78164.32,49
803,Taffy,Lumbard,Taffy.Lumbard@yopmail.com,firefighter,59227.28,5
804,Harmonia,Germann,Harmonia.Germann@yopmail.com,doctor,84319.69,43
805,Dominga,Rillings,Dominga.Rillings@yopmail.com,worker,34181.19,45
806,Myrtice,Letsou,Myrtice.Letsou@yopmail.com,developer,39650.6,48
807,Julieta,Lenny,Julieta.Lenny@yopmail.com,police officer,41475.37,33
808,Courtnay,Maisey,Courtnay.Maisey@yopmail.com,developer,103554.39,45
809,Merrie,Elephus,Merrie.Elephus@yopmail.com,worker,98790.73,3
810,Mahalia,Emmaline,Mahalia.Emmaline@yopmail.com,police officer,53361.5,46
811,Dione,Mehalek,Dione.Mehalek@yopmail.com,doctor,99750.29,5
812,Gerianna,Papageno,Gerianna.Papageno@yopmail.com,police officer,64962.6,13
813,Patricia,Stover,Patricia.Stover@yopmail.com,firefighter,46888.97,37
814,Sheree,Smitt,Sheree.Smitt@yopmail.com,firefighter,26596.44,11
815,Veda,Allina,Veda.Allina@yopmail.com,police officer,19673.49,47
816,Lita,Decato,Lita.Decato@yopmail.com,police officer,85704.92,38
817,Philis,Arley,Philis.Arley@yopmail.com,developer,70923.21,6
818,Nataline,Land,Nataline.Land@yopmail.com,developer,37189.83,24
819,Pierette,Obed,Pierette.Obed@yopmail.com,developer,25412.01,38
820,Vonny,Hilbert,Vonny.Hilbert@yopmail.com,firefighter,14643.77,15
821,Calla,Angelis,Calla.Angelis@yopmail.com,worker,71264.13,12
822,Emilia,Kare,Emilia.Kare@yopmail.com,doctor,32103.95,31
823,Chastity,Sacken,Chastity.Sacken@yopmail.com,developer,25603.18,8
824,Chrystel,Drisko,Chrystel.Drisko@yopmail.com,police officer,73889.53,29
825,Emelina,Peg,Emelina.Peg@yopmail.com,developer,27072.13,4
826,Mureil,Maryanne,Mureil.Maryanne@yopmail.com,developer,98769.26,40
827,Bill,Taima,Bill.Taima@yopmail.com,developer,28709.67,21
828,Heida,Jerold,Heida.Jerold@yopmail.com,doctor,27240.58,27
829,Grier,Thad,Grier.Thad@yopmail.com,police officer,63935.11,44
830,Ursulina,Fairweather,Ursulina.Fairweather@yopmail.com,police officer,30093.33,40
831,Corene,Herrera,Corene.Herrera@yopmail.com,worker,80280.88,18
832,Helsa,Braun,Helsa.Braun@yopmail.com,worker,20177.08,7
833,Sallie,Schenck,Sallie.Schenck@yopmail.com,police officer,50035.97,4
834,Raina,Rhu,Raina.Rhu@yopmail.com,developer,82095.51,19
835,Violet,Eachern,Violet.Eachern@yopmail.com,developer,92646.65,5
836,Jaclyn,Fiann,Jaclyn.Fiann@yopmail.com,developer,76912.26,36
837,Brianna,Giff,Brianna.Giff@yopmail.com,developer,46512.33,34
838,Henriette,MacIntosh,Henriette.MacIntosh@yopmail.com,doctor,74577.63,9
839,Valli,Baptlsta,Valli.Baptlsta@yopmail.com,firefighter,18001.33,14
840,Mamie,Evangelia,Mamie.Evangelia@yopmail.com,doctor,70515.71,17
841,Ida,Nisbet,Ida.Nisbet@yopmail.com,doctor,50370.24,50
842,Karlee,Erlandson,Karlee.Erlandson@yopmail.com,police officer,64006.06,19
843,Dyann,Yate,Dyann.Yate@yopmail.com,doctor,64851.84,34
844,Leeanne,Xerxes,Leeanne.Xerxes@yopmail.com,firefighter,38878.84,39
845,Gavrielle,Codding,Gavrielle.Codding@yopmail.com,developer,21133.96,27
846,Felice,Cosenza,Felice.Cosenza@yopmail.com,doctor,22492.46,23
847,Candy,Macey,Candy.Macey@yopmail.com,developer,75154.22,11
848,Lucille,Libna,Lucille.Libna@yopmail.com,worker,98682.04,24
849,Valera,Pulsifer,Valera.Pulsifer@yopmail.com,firefighter,66657.02,14
850,Fawne,Dichy,Fawne.Dichy@yopmail.com,police officer,97010.44,37
851,Sissy,Madelene,Sissy.Madelene@yopmail.com,developer,16196.4,24
852,Leontine,Elephus,Leontine.Elephus@yopmail.com,developer,59753.74,41
853,Gui,Vins,Gui.Vins@yopmail.com,police officer,63996.46,24
854,Sadie,Yuille,Sadie.Yuille@yopmail.com,police officer,79830.2,44
855,Babita,Eckblad,Babita.Eckblad@yopmail.com,worker,45522.96,7
856,Berta,Vilma,Berta.Vilma@yopmail.com,police officer,12654.78,7
857,Sherrie,Deny,Sherrie.Deny@yopmail.com,police officer,31685.33,21
858,Paulita,Maurine,Paulita.Maurine@yopmail.com,worker,102474.9,7
859,Brena,Dorothy,Brena.Dorothy@yopmail.com,firefighter,32493.28,43
860,Kirbee,Shuler,Kirbee.Shuler@yopmail.com,firefighter,13481.68,48
861,Karlee,Goldina,Karlee.Goldina@yopmail.com,worker,68423.55,5
862,Bettine,Florina,Bettine.Florina@yopmail.com,developer,85444.7,33
863,Orsola,Nea,Orsola.Nea@yopmail.com,developer,12937.14,14
864,Pearline,Mitzi,Pearline.Mitzi@yopmail.com,police officer,83889.56,11
865,Karly,Ovid,Karly.Ovid@yopmail.com,doctor,67132.18,5
866,Krystle,Anselmi,Krystle.Anselmi@yopmail.com,doctor,57815.9,40
867,Lexine,Flita,Lexine.Flita@yopmail.com,police officer,102959.24,5
868,Fernande,Friede,Fernande.Friede@yopmail.com,worker,97580.92,37
869,Berget,Maiah,Berget.Maiah@yopmail.com,doctor,97256.44,39
870,Giustina,Corilla,Giustina.Corilla@yopmail.com,doctor,92126.11,10
871,Nicoli,Jaylene,Nicoli.Jaylene@yopmail.com,doctor,53484.73,28
872,Brietta,Firmin,Brietta.Firmin@yopmail.com,doctor,101258.73,38
873,Kara-Lynn,Raama,Kara-Lynn.Raama@yopmail.com,police officer,68327.25,13
874,Ardeen,Tice,Ardeen.Tice@yopmail.com,firefighter,33630.82,5
875,Babita,Leonard,Babita.Leonard@yopmail.com,doctor,47673.71,15
876,Justinn,Denis,Justinn.Denis@yopmail.com,worker,92748.61,33
877,Frances,Isacco,Frances.Isacco@yopmail.com,police officer,41405.18,10
878,Dorene,Anyah,Dorene.Anyah@yopmail.com,firefighter,16573.62,11
879,Edith,Norrie,Edith.Norrie@yopmail.com,police officer,69182.93,30
880,Merle,Sasnett,Merle.Sasnett@yopmail.com,police officer,89986.31,2
881,Yvonne,Ardeha,Yvonne.Ardeha@yopmail.com,firefighter,56691.35,9
882,Micheline,Publia,Micheline.Publia@yopmail.com,police officer,38786.96,13
883,Kalina,Gibbeon,Kalina.Gibbeon@yopmail.com,developer,92935.67,47
884,Doralynne,Imelida,Doralynne.Imelida@yopmail.com,doctor,81314.19,25
885,Christy,Emmaline,Christy.Emmaline@yopmail.com,doctor,99982.16,5
886,Katharina,Garbe,Katharina.Garbe@yopmail.com,developer,42914.03,27
887,Merci,Gualtiero,Merci.Gualtiero@yopmail.com,worker,103135.08,46
888,Agnese,O'Neill,Agnese.O'Neill@yopmail.com,doctor,100395.26,46
889,Janey,Eno,Janey.Eno@yopmail.com,police officer,24357.42,6
890,Lorne,Chapland,Lorne.Chapland@yopmail.com,worker,37083.83,20
891,Brena,Firmin,Brena.Firmin@yopmail.com,doctor,34986.74,43
892,Albertina,Llovera,Albertina.Llovera@yopmail.com,police officer,88864.45,50
893,Claudina,Iiette,Claudina.Iiette@yopmail.com,doctor,20009.71,50
894,Hermione,Bari,Hermione.Bari@yopmail.com,doctor,63511.02,44
895,Angelique,Tristram,Angelique.Tristram@yopmail.com,developer,66166.58,47
896,Jobi,Abram,Jobi.Abram@yopmail.com,worker,91555.59,44
897,Wanda,Papageno,Wanda.Papageno@yopmail.com,doctor,79314.78,33
898,Kelly,Holbrook,Kelly.Holbrook@yopmail.com,police officer,74549.62,38
899,Bernardine,Mott,Bernardine.Mott@yopmail.com,worker,74766.99,48
900,Jenda,Felizio,Jenda.Felizio@yopmail.com,worker,20706.81,43
901,Nickie,Sabella,Nickie.Sabella@yopmail.com,doctor,55038.23,10
902,Lorne,Isidore,Lorne.Isidore@yopmail.com,worker,61741.78,20
903,Josephine,Clywd,Josephine.Clywd@yopmail.com,developer,89850.3,46
904,Sara-Ann,Chabot,Sara-Ann.Chabot@yopmail.com,developer,98116.78,5
905,Priscilla,Evvie,Priscilla.Evvie@yopmail.com,doctor,91863.58,22
906,Ursulina,Albertine,Ursulina.Albertine@yopmail.com,developer,47045.97,7
907,Brietta,Zina,Brietta.Zina@yopmail.com,firefighter,27626.98,35
908,Delilah,Randene,Delilah.Randene@yopmail.com,police officer,27930.4,19
909,Estell,Brian,Estell.Brian@yopmail.com,police officer,94251.65,44
910,Verla,Madaih,Verla.Madaih@yopmail.com,developer,69354.76,25
911,Nicoli,Irmine,Nicoli.Irmine@yopmail.com,police officer,78535.42,40
912,Celestyna,Kelula,Celestyna.Kelula@yopmail.com,police officer,51109.63,9
913,Myriam,Bearnard,Myriam.Bearnard@yopmail.com,worker,38849.75,26
914,Genevra,Abbot,Genevra.Abbot@yopmail.com,developer,68271.82,48
915,Elise,Erb,Elise.Erb@yopmail.com,worker,101484.67,48
916,Britte,Adore,Britte.Adore@yopmail.com,doctor,26334.1,34
917,Sidoney,Gamaliel,Sidoney.Gamaliel@yopmail.com,doctor,70504.91,15
918,Oralee,Wesle,Oralee.Wesle@yopmail.com,police officer,44817.02,7
919,Harrietta,Wu,Harrietta.Wu@yopmail.com,worker,93197.79,11
920,Lynea,Delila,Lynea.Delila@yopmail.com,firefighter,43045,50
921,Sam,Astra,Sam.Astra@yopmail.com,police officer,41107.79,13
922,Agnese,Mozelle,Agnese.Mozelle@yopmail.com,police officer,90267.65,22
923,Abbie,Moina,Abbie.Moina@yopmail.com,firefighter,44956.61,37
924,Kirbee,Berl,Kirbee.Berl@yopmail.com,police officer,92951.55,6
925,Stephanie,Bari,Stephanie.Bari@yopmail.com,police officer,78577.12,7
926,Larine,Bibi,Larine.Bibi@yopmail.com,doctor,80403.98,22
927,Gretal,Jarib,Gretal.Jarib@yopmail.com,doctor,86995.13,45
928,Phylis,Hewitt,Phylis.Hewitt@yopmail.com,police officer,33963.31,5
929,Desirae,Merna,Desirae.Merna@yopmail.com,firefighter,77980.93,49
930,Kaja,Behre,Kaja.Behre@yopmail.com,worker,86668.33,6
931,Rosene,Ahab,Rosene.Ahab@yopmail.com,worker,100001.64,37
932,Sallie,Behre,Sallie.Behre@yopmail.com,worker,98054.21,31
933,Ariela,Hieronymus,Ariela.Hieronymus@yopmail.com,doctor,51674.47,25
934,Tonia,Christal,Tonia.Christal@yopmail.com,developer,93447.88,2
935,Adelle,Thema,Adelle.Thema@yopmail.com,firefighter,25816.25,44
936,Tomasina,Kamaria,Tomasina.Kamaria@yopmail.com,firefighter,39871.03,2
937,Nonnah,Etom,Nonnah.Etom@yopmail.com,police officer,36809.76,41
938,Dulcinea,Goldina,Dulcinea.Goldina@yopmail.com,firefighter,30058.54,45
939,Clementine,Levey,Clementine.Levey@yopmail.com,police officer,102964.78,36
940,Norine,Laurianne,Norine.Laurianne@yopmail.com,developer,79622.01,10
941,Merci,Matthew,Merci.Matthew@yopmail.com,police officer,55484.77,15
942,Meriel,Krystle,Meriel.Krystle@yopmail.com,worker,89005.22,32
943,Maud,Catie,Maud.Catie@yopmail.com,police officer,59634.02,15
944,Andree,Glenden,Andree.Glenden@yopmail.com,worker,35483.52,24
945,Shel,Lalitta,Shel.Lalitta@yopmail.com,firefighter,98053.26,47
946,Desirae,Gaulin,Desirae.Gaulin@yopmail.com,developer,21305.17,30
947,Sallie,Dahlia,Sallie.Dahlia@yopmail.com,doctor,50619.73,32
948,Benita,Warthman,Benita.Warthman@yopmail.com,worker,50447,31
949,Demetris,Pierette,Demetris.Pierette@yopmail.com,firefighter,76024.99,4
950,Marsiella,Malina,Marsiella.Malina@yopmail.com,firefighter,79448.68,36
951,Jessamyn,Gahl,Jessamyn.Gahl@yopmail.com,doctor,28069.31,33
952,Marylou,Verger,Marylou.Verger@yopmail.com,police officer,46788.51,29
953,Quintina,Luhe,Quintina.Luhe@yopmail.com,doctor,40033,32
954,Trudie,Denis,Trudie.Denis@yopmail.com,worker,56096.88,22
955,Tamqrah,Reinke,Tamqrah.Reinke@yopmail.com,firefighter,47613.48,11
956,Malina,Lanita,Malina.Lanita@yopmail.com,developer,85519.62,48
957,Madeleine,Lindemann,Madeleine.Lindemann@yopmail.com,worker,41860.9,40
958,Lulita,Georas,Lulita.Georas@yopmail.com,police officer,67958.15,32
959,Cyndie,Rheingold,Cyndie.Rheingold@yopmail.com,developer,76430.79,48
960,Leeanne,Zina,Leeanne.Zina@yopmail.com,doctor,27330.66,15
961,Clary,Brodench,Clary.Brodench@yopmail.com,developer,37940.44,48
962,Nataline,Chesna,Nataline.Chesna@yopmail.com,developer,73110.98,35
963,Aurore,Juan,Aurore.Juan@yopmail.com,doctor,101012.86,29
964,Anthia,Lail,Anthia.Lail@yopmail.com,developer,92422.98,11
965,Georgina,Ulphia,Georgina.Ulphia@yopmail.com,firefighter,78606.65,30
966,Katuscha,Swanhildas,Katuscha.Swanhildas@yopmail.com,doctor,103452.27,8
967,Orelia,Nore,Orelia.Nore@yopmail.com,doctor,81020.61,21
968,Loree,Warthman,Loree.Warthman@yopmail.com,worker,23942.44,35
969,Addia,Chesna,Addia.Chesna@yopmail.com,developer,58580.42,40
970,Lanae,Merna,Lanae.Merna@yopmail.com,police officer,47752.62,13
971,Millie,Allina,Millie.Allina@yopmail.com,doctor,16532.18,32
972,Alleen,Tremayne,Alleen.Tremayne@yopmail.com,firefighter,50905.06,32
973,Petronia,Fulmer,Petronia.Fulmer@yopmail.com,firefighter,98059.44,33
974,Cristine,Terrence,Cristine.Terrence@yopmail.com,police officer,10977.53,41
975,Minne,Brenn,Minne.Brenn@yopmail.com,doctor,76701.4,50
976,Xylina,Anderea,Xylina.Anderea@yopmail.com,police officer,19988.81,6
977,Lila,Camden,Lila.Camden@yopmail.com,police officer,50720.07,42
978,Zaria,Cressida,Zaria.Cressida@yopmail.com,developer,11625.29,18
979,Cherilyn,Ludewig,Cherilyn.Ludewig@yopmail.com,firefighter,28189.48,42
980,Penelopa,Bultman,Penelopa.Bultman@yopmail.com,doctor,37020.97,37
981,Lyssa,Tjon,Lyssa.Tjon@yopmail.com,worker,37237.76,37
982,Wynne,Telfer,Wynne.Telfer@yopmail.com,developer,30898.14,42
983,Joeann,Calhoun,Joeann.Calhoun@yopmail.com,police officer,94805.89,13
984,Ardenia,Francyne,Ardenia.Francyne@yopmail.com,developer,93916.5,20
985,Joceline,MacIntosh,Joceline.MacIntosh@yopmail.com,firefighter,10426.99,29
986,Merle,Cohdwell,Merle.Cohdwell@yopmail.com,developer,62589.02,8
987,Michaelina,Camden,Michaelina.Camden@yopmail.com,police officer,97156.89,47
988,Berta,Keelia,Berta.Keelia@yopmail.com,doctor,74687.79,31
989,Rori,Colp,Rori.Colp@yopmail.com,police officer,66076.53,28
990,Kary,Muriel,Kary.Muriel@yopmail.com,developer,60278.21,13
991,Annice,Charmine,Annice.Charmine@yopmail.com,police officer,29731.92,50
992,Talya,Loeb,Talya.Loeb@yopmail.com,worker,58862.11,25
993,Claudina,Blake,Claudina.Blake@yopmail.com,doctor,19257.97,50
994,Lusa,Carolin,Lusa.Carolin@yopmail.com,developer,50601.97,40
995,Shaylyn,Annabella,Shaylyn.Annabella@yopmail.com,doctor,70314.88,5
996,Vanessa,Lay,Vanessa.Lay@yopmail.com,worker,70561.71,26
997,Libbie,Saunderson,Libbie.Saunderson@yopmail.com,firefighter,61232.76,9
998,Mathilda,Raseda,Mathilda.Raseda@yopmail.com,police officer,77921.08,13
999,Marnia,Mathilde,Marnia.Mathilde@yopmail.com,police officer,49069.69,9
1000,Doralynne,Cherianne,Doralynne.Cherianne@yopmail.com,firefighter,18304.14,39
1001,Danny,Alfons,Danny.Alfons@yopmail.com,firefighter,75456.54,29
1002,Sallie,Sholley,Sallie.Sholley@yopmail.com,developer,98532.15,9
1003,Dianemarie,Delp,Dianemarie.Delp@yopmail.com,police officer,22216.74,25
1004,Winifred,Seagraves,Winifred.Seagraves@yopmail.com,police officer,60851.86,38
1005,Frieda,Goth,Frieda.Goth@yopmail.com,firefighter,25737.28,2
1006,Raquela,Zitvaa,Raquela.Zitvaa@yopmail.com,developer,44620.88,50
1007,Agnese,Goerke,Agnese.Goerke@yopmail.com,developer,27408.02,29
1008,Angela,Pacorro,Angela.Pacorro@yopmail.com,police officer,28171.52,31
1009,Brandise,Pitt,Brandise.Pitt@yopmail.com,firefighter,34256.09,11
1010,Gertrud,Dash,Gertrud.Dash@yopmail.com,doctor,46640.36,48
1011,Vita,Leopold,Vita.Leopold@yopmail.com,developer,94569.26,35
1012,Konstance,Kinnard,Konstance.Kinnard@yopmail.com,doctor,64739.18,43
1013,Luci,Maxi,Luci.Maxi@yopmail.com,developer,42092.67,32
1014,Stacey,Hartnett,Stacey.Hartnett@yopmail.com,doctor,31147.41,9
1015,Barbi,Georgy,Barbi.Georgy@yopmail.com,doctor,54415.51,37
1016,Nelle,Morehouse,Nelle.Morehouse@yopmail.com,firefighter,73703.13,14
1017,Justinn,Dreda,Justinn.Dreda@yopmail.com,doctor,75384.39,33
1018,Norine,Vale,Norine.Vale@yopmail.com,worker,28744.86,40
1019,Sean,Barbey,Sean.Barbey@yopmail.com,firefighter,31932.16,35
1020,Emmey,Payson,Emmey.Payson@yopmail.com,police officer,48195.03,30
1021,Philis,Clywd,Philis.Clywd@yopmail.com,doctor,37641.28,33
1022,Devina,Kirbee,Devina.Kirbee@yopmail.com,firefighter,39304.07,44
1023,Lexine,Iiette,Lexine.Iiette@yopmail.com,firefighter,38788.87,14
1024,Larine,Candy,Larine.Candy@yopmail.com,police officer,11163.83,33
1025,Taffy,Erskine,Taffy.Erskine@yopmail.com,developer,82801.31,26
1026,Marita,Georas,Marita.Georas@yopmail.com,firefighter,49043.56,31
1027,Merrie,Jerold,Merrie.Jerold@yopmail.com,worker,61035.79,18
1028,Trixi,Vilma,Trixi.Vilma@yopmail.com,doctor,69275.54,31
1029,Winifred,Roumell,Winifred.Roumell@yopmail.com,firefighter,41664.34,7
1030,Brana,Casimir,Brana.Casimir@yopmail.com,developer,85495.65,35
1031,Melodie,Honoria,Melodie.Honoria@yopmail.com,police officer,29290.7,10
1032,Aimil,Gamaliel,Aimil.Gamaliel@yopmail.com,doctor,84259.08,2
1033,Belva,Fosque,Belva.Fosque@yopmail.com,worker,48771.55,30
1034,Minda,Zeeba,Minda.Zeeba@yopmail.com,police officer,46821.9,38
1035,Annora,Cath,Annora.Cath@yopmail.com,firefighter,47310.08,23
1036,Elora,Bahr,Elora.Bahr@yopmail.com,developer,45380.15,37
1037,Randa,Desai,Randa.Desai@yopmail.com,police officer,35050.96,36
1038,Kimberley,Gaspard,Kimberley.Gaspard@yopmail.com,police officer,92200.08,45
1039,Nessie,Corabella,Nessie.Corabella@yopmail.com,worker,102272.98,21
1040,Nonnah,Lemuela,Nonnah.Lemuela@yopmail.com,police officer,56133.65,7
1041,Marsiella,Phyllis,Marsiella.Phyllis@yopmail.com,firefighter,48797.82,41
1042,Eugine,Nore,Eugine.Nore@yopmail.com,doctor,82179.06,50
1043,Selma,Kesley,Selma.Kesley@yopmail.com,developer,44142.11,22
1044,Amelia,Bryna,Amelia.Bryna@yopmail.com,developer,56688.19,21
1045,Ronna,Jarib,Ronna.Jarib@yopmail.com,worker,69452.36,9
1046,Constance,Mozelle,Constance.Mozelle@yopmail.com,police officer,33974.61,39
1047,Stacey,Baylor,Stacey.Baylor@yopmail.com,developer,55065.25,15
1048,Carly,Ellerey,Carly.Ellerey@yopmail.com,developer,12657.42,37
1049,Layla,Haldas,Layla.Haldas@yopmail.com,worker,50532.85,43
1050,Rayna,Vorster,Rayna.Vorster@yopmail.com,firefighter,34418.3,32
1051,Pierette,Birdella,Pierette.Birdella@yopmail.com,worker,69140.14,33
1052,Fanny,Fennessy,Fanny.Fennessy@yopmail.com,worker,58079.8,20
1053,June,Eiser,June.Eiser@yopmail.com,doctor,89640.15,29
1054,Ileana,Dorothy,Ileana.Dorothy@yopmail.com,doctor,43410.09,29
1055,Aurelie,Wesle,Aurelie.Wesle@yopmail.com,worker,49566.14,44
1056,Jolyn,Girardo,Jolyn.Girardo@yopmail.com,doctor,103051.39,45
1057,Tatiania,Tayib,Tatiania.Tayib@yopmail.com,doctor,21787.6,9
1058,Brooks,O'Carroll,Brooks.O'Carroll@yopmail.com,police officer,29571.03,25
1059,Darlleen,Jagir,Darlleen.Jagir@yopmail.com,police officer,35469.96,29
1060,Zia,Zamora,Zia.Zamora@yopmail.com,firefighter,77617.48,6
1061,Layla,Sibyls,Layla.Sibyls@yopmail.com,firefighter,78106.99,13
1062,Bobbi,Gaspard,Bobbi.Gaspard@yopmail.com,worker,21902.03,5
1063,Averyl,Heisel,Averyl.Heisel@yopmail.com,worker,23648.08,38
1064,Tiffie,Devlen,Tiffie.Devlen@yopmail.com,worker,12441.05,35
1065,Edyth,Dorothy,Edyth.Dorothy@yopmail.com,worker,64131.82,26
1066,Mathilda,Fry,Mathilda.Fry@yopmail.com,doctor,54530.25,4
1067,Addia,McClimans,Addia.McClimans@yopmail.com,developer,55949.48,21
1068,Margalo,Cordi,Margalo.Cordi@yopmail.com,doctor,22194.98,50
1069,Cristine,Wenda,Cristine.Wenda@yopmail.com,firefighter,15159.01,30
1070,Evita,Thad,Evita.Thad@yopmail.com,doctor,22606.64,20
1071,Jennica,Kat,Jennica.Kat@yopmail.com,police officer,103592.79,3
1072,Joane,Dahlia,Joane.Dahlia@yopmail.com,police officer,52933.93,34
1073,Kelly,Weitman,Kelly.Weitman@yopmail.com,firefighter,43792.95,20
1074,Dianemarie,Kaja,Dianemarie.Kaja@yopmail.com,firefighter,93039.62,20
1075,Carol-Jean,Dudley,Carol-Jean.Dudley@yopmail.com,developer,55920.84,24
1076,Lolita,Land,Lolita.Land@yopmail.com,firefighter,12412.93,31
1077,Misha,Travax,Misha.Travax@yopmail.com,developer,97479.81,29
1078,Teddie,McLaughlin,Teddie.McLaughlin@yopmail.com,police officer,77385.65,25
1079,Madalyn,Connelly,Madalyn.Connelly@yopmail.com,police officer,43677.89,21
1080,Georgina,Judye,Georgina.Judye@yopmail.com,doctor,48815.97,47
1081,Julieta,Henebry,Julieta.Henebry@yopmail.com,developer,77722.94,33
1082,Paulita,Hathaway,Paulita.Hathaway@yopmail.com,developer,51666.37,32
1083,Jere,Erminia,Jere.Erminia@yopmail.com,doctor,22252.16,30
1084,Cherilyn,Lutero,Cherilyn.Lutero@yopmail.com,doctor,102139.09,14
1085,Tressa,Chandler,Tressa.Chandler@yopmail.com,developer,45964.29,44
1086,Alie,Chandler,Alie.Chandler@yopmail.com,firefighter,38518.61,39
1087,Mureil,Pyle,Mureil.Pyle@yopmail.com,developer,24545.62,47
1088,Magdalena,Wesle,Magdalena.Wesle@yopmail.com,worker,25522.15,42
1089,Linzy,Charmine,Linzy.Charmine@yopmail.com,police officer,11595.15,16
1090,Aryn,Norrie,Aryn.Norrie@yopmail.com,doctor,62166.88,34
1091,Steffane,McLaughlin,Steffane.McLaughlin@yopmail.com,firefighter,38560.42,15
1092,Bibby,Alisia,Bibby.Alisia@yopmail.com,firefighter,60055.68,48
1093,Blondelle,Ariella,Blondelle.Ariella@yopmail.com,firefighter,75447.39,15
1094,Tani,Wyn,Tani.Wyn@yopmail.com,developer,68789.87,44
1095,Cacilie,Suzetta,Cacilie.Suzetta@yopmail.com,worker,89644.41,7
1096,Lorie,Vittoria,Lorie.Vittoria@yopmail.com,firefighter,28925.19,9
1097,Karly,McClimans,Karly.McClimans@yopmail.com,worker,86409.53,45
1098,Yolane,Monaco,Yolane.Monaco@yopmail.com,doctor,97608.75,3
1099,Dulce,Esmaria,Dulce.Esmaria@yopmail.com,police officer,101416.67,15